id;first_name;last_name;email;address;phone
1;Chanel;Rice;Josie_Legros@hotmail.com;conceal Steel Ethiopia;1-299-553-3638 x3591
2;Prudence;Rohan;Christa.Kiehn69@hotmail.com;Southeast North;(673) 599-6967 x336
3;Maxie;Corwin;Deonte_Bailey30@hotmail.com;West quantify Hip;(374) 686-6557 x385
4;Tyrel;Vandervort;Walton_Kemmer@yahoo.com;Bike Northeast Road;850.421.3033 x09915
5;Berenice;Kris;Arnaldo15@gmail.com;Outdoors;1-624-713-6720 x8158
6;Juanita;Cummerata;Matt_Blanda36@yahoo.com;compressing Kansas;956-878-6046 x64116
7;Terrill;Gleichner;Moriah_Spencer24@hotmail.com;Buckinghamshire Demiflux Human;(889) 988-2765 x4501
8;Jonatan;Haley;Pat_Corwin@yahoo.com;lime;236.535.5833
9;Johnpaul;Mitchell;Markus_Emmerich@hotmail.com;Group female Strategist;309-353-5572 x68719
10;Hoyt;Corkery;Jody.Cruickshank85@gmail.com;Games;(981) 233-1287
